"ID","priority","collection_path","original_application_path","size_px","format","transparent_bg","bytes","sha256","status"
"ICO-16","P0","brand/favicon-16.png","/public/images/brand/favicon-16.png","16x16","png","yes","886","f0f6043ba43c2866211a0ae4134959f0cb0e7303951ca8f108643fa777183c93","pass"
"ICO-32","P0","brand/favicon-32.png","/public/images/brand/favicon-32.png","32x32","png","yes","2304","3fa046e6aa6b86d1bd27d81870bbc79e360571ce0869205168a52a9885073f92","pass"
"ICO-180","P0","brand/apple-touch-icon-180.png","/public/images/brand/apple-touch-icon-180.png","180x180","png","no","15737","f3d44b029671e0c97f787fb51db7db78c8432fd43204073a8b2406fd9d617e4e","pass"
"ICO-192","P1","brand/icon-192.png","/public/images/brand/icon-192.png","192x192","png","no","6082","20c724eebc57ba4ec02d7ce3527fd20ad0d142e41ce7afd63b0c9419465d83e6","pass"
"ICO-512","P1","brand/icon-512.png","/public/images/brand/icon-512.png","512x512","png","no","28141","2a1ed8d391adf4370d48655c6f4f29dac0432b03fa300008897cdbb9d61605b4","pass"
"ICO-MASK","P1","brand/icon-maskable-512.png","/public/images/brand/icon-maskable-512.png","512x512","png","no","19617","b95cc397727ef5b21e560e09e32718f93904100cac9877cc461cebc9f2b68e39","pass"
"LOGO-MARK","P0","brand/logo-mark.png","/public/images/brand/logo-mark.png","512x512","png","yes","116092","f30f92bef7523235bf33e75f27d01ab0b4315b04fc3b03a260f0bc4d933b6ebf","pass"
"LOGO-LOCKUP","P0","brand/logo-lockup.png","/public/images/brand/logo-lockup.png","1600x480","png","yes","203154","d5abf3d278802fc4e9f92b5fb2cd344d5d0cf8fa4b6436916e90d1eb07365390","pass"
"LOGO-WORDMARK","P1","brand/logo-wordmark.png","/public/images/brand/logo-wordmark.png","1200x240","png","yes","69233","80ae2e3b4a1c8cc62a85abe48e6d66054a78ee24fb502bada8b199d4da1e03fc","pass"
"OG-DEFAULT","P0","og/og-default.png","/public/images/og/og-default.png","1200x630","png","no","257127","c5ffcbfcb0c34bcca5f09a26551919363dbabdfe68126c11673346739ce4a590","pass"
"OG-THEME-HALLOWEEN","P1","og/og-theme-halloween.png","/public/images/og/og-theme-halloween.png","1200x630","png","no","264663","819ceb0c9ac332f63d2a1464d65205cf90ef78953a165774799b7a3d6f2760be","pass"
"OG-THEME-FALL","P1","og/og-theme-fall.png","/public/images/og/og-theme-fall.png","1200x630","png","no","274508","5123f7162e0e2822129c7f40bbbe0835a6826ef2dfd7a10c563c6afa2dad0933","pass"
"OG-THEME-CHRISTMAS","P1","og/og-theme-christmas.png","/public/images/og/og-theme-christmas.png","1200x630","png","no","253960","fa3200fef10ed7400ea2c3249415f9066d141c53db27b7db35bab2071acc87a0","pass"
"OG-THEME-ANIMALS","P2","og/og-theme-animals.png","/public/images/og/og-theme-animals.png","1200x630","png","no","280471","6c50ddc1efaf89deb64250adaf1f6e62ddf2a806f86338a8f8a806c334a502b3","pass"
"OG-THEME-SPACE","P2","og/og-theme-space.png","/public/images/og/og-theme-space.png","1200x630","png","no","232392","dc125ff8d0d4725d27f3bc34c3739cbf07f8933c067af16e69042c26ca78833d","pass"
"OG-THEME-SPORTS","P2","og/og-theme-sports.png","/public/images/og/og-theme-sports.png","1200x630","png","no","251272","654a515719702570636f1a684eb52c4017c72a3bc46e6fcf93c23c162e843d61","pass"
"OG-THEME-FOOD","P2","og/og-theme-food.png","/public/images/og/og-theme-food.png","1200x630","png","no","293620","1cac6965cf710208b12ae5d019b723f05bfcc4ff8d14d30735094134c3392a60","pass"
"OG-THEME-OCEAN","P2","og/og-theme-ocean.png","/public/images/og/og-theme-ocean.png","1200x630","png","no","271700","f88881f31d46d117a237f48c20e042b7d8d5c094ff7eff6821edc7cce2979493","pass"
"OG-THEME-DOGS","P2","og/og-theme-dogs.png","/public/images/og/og-theme-dogs.png","1200x630","png","no","196778","1d23eba41f0763fe4a47754c265d7b72cc30af908609916a6cf62409f297ca99","pass"
"OG-THEME-CATS","P2","og/og-theme-cats.png","/public/images/og/og-theme-cats.png","1200x630","png","no","275042","f48fc40f31734d4e708f6142617d40f30a1fcef532aa8fc608b312417bcc43a4","pass"
"OG-THEME-TRAVEL","P2","og/og-theme-travel.png","/public/images/og/og-theme-travel.png","1200x630","png","no","290729","3ba28be3a73d2084be829ed956ad3b925b9a5edd25439085a54bd1868701751b","pass"
"OG-THEME-MUSIC","P2","og/og-theme-music.png","/public/images/og/og-theme-music.png","1200x630","png","no","289082","fc2b96b8a50787b2c274a9a3e71359b1a82e4b9edca8ed8d06828fb09b29c7b6","pass"
"OG-THEME-GARDEN","P2","og/og-theme-garden.png","/public/images/og/og-theme-garden.png","1200x630","png","no","290173","b182f871fb19aeb229b4959aee4427ba01ce05a72c28963fe732658df55ec73d","pass"
"OG-THEME-LARGE_PRINT_PACK","P1","og/og-theme-large-print-pack.png","/public/images/og/og-theme-large-print-pack.png","1200x630","png","no","249989","7a164a0fd0fe8aac5908936061aa827d2de05d9ba57f2db9a1ec9a54791defb8","pass"
"OG-THEME-HARD_PACK","P1","og/og-theme-hard-pack.png","/public/images/og/og-theme-hard-pack.png","1200x630","png","no","216762","4a2ffa915d3006708cfee0c1bc8d65f18e4bba98e9d7e992fada84c6d08e8bca","pass"
"OG-DAILY","P1","og/og-daily.png","/public/images/og/og-daily.png","1200x630","png","no","257642","747bc1a6909d847081c8ea89c325aef726f43638a824f59ee2c221487824c6e3","pass"
"OG-LARGE","P1","og/og-large-print.png","/public/images/og/og-large-print.png","1200x630","png","no","251411","72a81a5edf3c9e98f10a3973c557c87c9a4644b99e0fd0e19e3b6000b3c33391","pass"
"HOME-HERO-DESKTOP","P0","home/hero-desktop.webp","/public/images/home/hero-desktop.webp","1600x1200","webp","no","218794","402d9cc04c47dd3cad510cb3aee31b5eeb4d8760ae9eb8e17083c49f14054f67","pass"
"HOME-HERO-MOBILE","P0","home/hero-mobile.webp","/public/images/home/hero-mobile.webp","1200x900","webp","no","158250","d4d3deae1be0d31c8247a0105d5e7476309a529f6503fe891abd22af14651626","pass"
"HOME-SECTION-THEMES","P2","home/section-themes-ornament.webp","/public/images/home/section-themes-ornament.webp","240x80","webp","yes","6404","daffe4a3f78806a71365d0a1ff8ba0ec339a024ff0274bbc16542b3a1d9a3763","pass"
"HOME-SECTION-DIFFICULTY","P2","home/section-difficulty.webp","/public/images/home/section-difficulty.webp","800x400","webp","yes","76704","b4c58fe3519c6ed9f519e9bf6431e21384ca832d7955502105a4cc262905cf94","pass"
"HOME-ASIDE-LARGEPRINT","P0","home/aside-large-print.webp","/public/images/home/aside-large-print.webp","1200x900","webp","no","173928","1546e722867d806047f27617381c6c93f62d00b491bbe3865245ac36e219112b","pass"
"THEME-HALLOWEEN","P0","themes/halloween.webp","/public/images/themes/halloween.webp","1200x900","webp","no","146102","99907189c4e52b9a2b311cacf7c4e52ab699aa9f438cef61acb4ab33ef0d874c","pass"
"THEME-FALL","P0","themes/fall.webp","/public/images/themes/fall.webp","1200x900","webp","no","177618","fe5acad76ee85aca74126d9a696325c332b35c0bb77a5a279a5ffe5e13ec30c6","pass"
"THEME-CHRISTMAS","P0","themes/christmas.webp","/public/images/themes/christmas.webp","1200x900","webp","no","142410","e2f73e2312c05225bbc5b2f1e691b18e000d762c155fb57ce008262706ea435a","pass"
"THEME-ANIMALS","P0","themes/animals.webp","/public/images/themes/animals.webp","1200x900","webp","no","158234","7ab218d9aab28f0c01443b90ef34063143a2e3520aa3830c727b7796a8bca2d3","pass"
"THEME-SPACE","P1","themes/space.webp","/public/images/themes/space.webp","1200x900","webp","no","167618","e45321a40a2a423fad5e084c62b5a8387ee0bf2a304208ebc8d05c40fb37e389","pass"
"THEME-SPORTS","P1","themes/sports.webp","/public/images/themes/sports.webp","1200x900","webp","no","172586","e95a7f3370fadf253d6a8ca872d8d7b435e39273b5a6d17d09fe4733281894fd","pass"
"THEME-FOOD","P1","themes/food.webp","/public/images/themes/food.webp","1200x900","webp","no","162596","733f5e95583273e1caba58d2a71a840e180aea80f9108b6db7f54b5996ef57bb","pass"
"THEME-OCEAN","P0","themes/ocean.webp","/public/images/themes/ocean.webp","1200x900","webp","no","156444","4a0eee1ca60ba2bf99257b8e9163a04855e925c11791da967f491425a80a5b0d","pass"
"THEME-DOGS","P1","themes/dogs.webp","/public/images/themes/dogs.webp","1200x900","webp","no","162144","c32c2b0079bb1b9e09f1a67ef9147c3cb162cae553f8025dce4098f8e53f2254","pass"
"THEME-CATS","P1","themes/cats.webp","/public/images/themes/cats.webp","1200x900","webp","no","166150","7ea8f12a956c08ce8b18af9f797af8fc1495c5329a81e27533eee8ba0fd474ae","pass"
"THEME-TRAVEL","P1","themes/travel.webp","/public/images/themes/travel.webp","1200x900","webp","no","170042","3239fb76446dc9aa22af90e9e0d0d1ea06c04cd3490d6773c933654ea054ed39","pass"
"THEME-MUSIC","P1","themes/music.webp","/public/images/themes/music.webp","1200x900","webp","no","171538","782bdfda4660b7116a841bb0d119b214bec01da5dcaf6196bc00bc18095ee46c","pass"
"THEME-GARDEN","P0","themes/garden.webp","/public/images/themes/garden.webp","1200x900","webp","no","179398","6e4a456a9c30b1ba4371e13842291673024b53723daf66ef2c3fcc25950f1fb0","pass"
"THEME-LARGE_PRINT_PACK","P0","themes/large-print-pack.webp","/public/images/themes/large-print-pack.webp","1200x900","webp","no","166332","42a5455776659a0416a569dfa5ed389828b8332ee9bac97e95cf077856b9848e","pass"
"THEME-HARD_PACK","P0","themes/hard-pack.webp","/public/images/themes/hard-pack.webp","1200x900","webp","no","157584","fc4be2264de1d13f6532a61e96be406ac09a72828bdfbae0c0f23621c2e43b0f","pass"
"THEMES-INDEX-BANNER","P2","themes/_index-banner.webp","/public/images/themes/_index-banner.webp","1600x500","webp","no","74280","1da3c56cf242474360c599cce9a7e109868c50699077cff94890dd011829280c","pass"
"DIFF-EASY","P1","difficulty/easy.webp","/public/images/difficulty/easy.webp","1200x600","webp","no","25320","058498b6285b61ca505213052153486646f253114adfe11afa122fd269adb974","pass"
"DIFF-BADGE-EASY","P2","difficulty/badge-easy.png","/public/images/difficulty/badge-easy.png","128x128","png","yes","11029","b49f08ae71142a9af9c46e2d10eaba9b48896078778e84e952453371751b4e92","pass"
"DIFF-MEDIUM","P1","difficulty/medium.webp","/public/images/difficulty/medium.webp","1200x600","webp","no","60412","71c457b7d426d625aedfdfbb786fd2b596709d44e0401c387d732e8ace9955be","pass"
"DIFF-BADGE-MEDIUM","P2","difficulty/badge-medium.png","/public/images/difficulty/badge-medium.png","128x128","png","yes","13280","3b063f2301874bd88d9eca9ca1e6367108ef2b5f96bb7ec191fedc3104708f1e","pass"
"DIFF-HARD","P1","difficulty/hard.webp","/public/images/difficulty/hard.webp","1200x600","webp","no","218362","fc643d2e1898d7276066989ed9efc325a460430baeccdb7ce9b35009ff794dca","pass"
"DIFF-BADGE-HARD","P2","difficulty/badge-hard.png","/public/images/difficulty/badge-hard.png","128x128","png","yes","11239","7a1c1c218031b5a03c9ebe9efdf48487efff5c73aa4a03d82b31f8c4aedac6bb","pass"
"LG-PROMO","P0","large-print/promo-hero.webp","/public/images/large-print/promo-hero.webp","1400x1050","webp","no","214044","31fef456abb508922deff0d2a9862c05e465604e4b09f4825dffcded06f1d229","pass"
"LG-SPOT","P2","large-print/comfort-spot.webp","/public/images/large-print/comfort-spot.webp","900x600","webp","yes","79556","8bc51ff3f4d70567b5b9dcd40021ce4eb2b3093371d9bd6df109a56f9088d0e8","pass"
"DAILY-HEADER","P1","daily/header.webp","/public/images/daily/header.webp","1600x480","webp","no","163660","0fa209b261027f36fe8f9fe736f98386a47caf6da48fea50369c74cbbe925252","pass"
"DAILY-ARCHIVE-EMPTY","P2","daily/archive-empty.webp","/public/images/daily/archive-empty.webp","800x500","webp","yes","60318","c830d017274fc01f4b28cbefcb93fcb6cbed4c354e2660ab3d430b206db86df9","pass"
"HOWTO-BANNER","P0","how-to/banner.webp","/public/images/how-to/banner.webp","1680x720","webp","no","166264","040ddb7616bd10ba9d0ec51b621165ddcb1110d03682dc8131ed7084a83ae139","pass"
"HOWTO-STEP-01","P1","how-to/step-01-pick.webp","/public/images/how-to/step-01-pick.webp","800x600","webp","yes","70602","77e5df7cb38afc3d21c2ee871c2119451522529a5e4e58e47829b3f394c0f111","pass"
"HOWTO-STEP-02","P1","how-to/step-02-wordlist.webp","/public/images/how-to/step-02-wordlist.webp","800x600","webp","yes","79784","0104f40c8d1f74116cdfbd59c1837de2f2eb4f0408560f34af92d5824e3f28da","pass"
"HOWTO-STEP-03","P1","how-to/step-03-select.webp","/public/images/how-to/step-03-select.webp","800x600","webp","yes","77744","c5219831d09cae9ee94da26cebe8cbada5ecc7c469defda0d4dc2dadf6a74858","pass"
"HOWTO-STEP-04","P1","how-to/step-04-finish.webp","/public/images/how-to/step-04-finish.webp","800x600","webp","yes","79560","1b596724875184bb60f32dfac8d699b868227feb095fc481620cbb60a5f787f0","pass"
"ADULTS-HERO","P0","adults/hero.webp","/public/images/adults/hero.webp","1200x900","webp","no","242432","fe0ee1921fb5eda6ba264550f75eebbe05c75278772df0cc20fbae56200088f9","pass"
"ADULTS-SPOT-NO-TIMER","P2","adults/spot-no-timer.webp","/public/images/adults/spot-no-timer.webp","640x480","webp","yes","64066","ed197aa5c6d9a9c42da3086b9f7979d0dd363e965fb08dca26dd39fab6bed77a","pass"
"ABOUT-SPOT","P1","about/spot.webp","/public/images/about/spot.webp","900x600","webp","yes","79122","6f620213db8ebce8531994c1ac4c94df4d1f4136170a2cdb573a555151ecf09d","pass"
"CONTACT-SPOT","P2","contact/spot.webp","/public/images/contact/spot.webp","800x600","webp","yes","76806","0c51b321eeb032ff863d1c1d51974a883c03d66c80eac4e2b110015cd184b33c","pass"
"LEGAL-SPOT","P2","legal/spot-ornament.webp","/public/images/legal/spot-ornament.webp","400x120","webp","yes","5172","58a7cb479329876f75453fabb49863edba3365d478227bd3446593829129fbb9","pass"
"ERR-404","P1","system/404.webp","/public/images/system/404.webp","1280x800","webp","no","181496","6ae665719284218a69e6f8058dce3455e4f952dae5412dde7899dc01e64ea2bc","pass"
"SYS-EMPTY","P2","system/empty-state.webp","/public/images/system/empty-state.webp","800x600","webp","yes","74324","0ce72c88744e689b8c8dd3532165d095f55db73a65b42c910404526f27ab75a0","pass"
"SYS-LOADING","P2","system/loading.webp","/public/images/system/loading.webp","256x256","webp","yes","3938","84b77d436999101b15d4a9f222d3f1cafa12a6a118eb88649e438c06abb5aeb0","pass"
"PUZZLE-COMPLETE","P1","puzzle/complete.webp","/public/images/puzzle/complete.webp","900x500","webp","yes","79276","50b0ac291b1a32f5141cd247885de039b3dc98224310b9b04d17d7ab6a879c1d","pass"
"PUZZLE-COMPLETE-COMPACT","P2","puzzle/complete-compact.png","/public/images/puzzle/complete-compact.png","256x256","png","yes","18016","058d791d5f8fd1495bf8ac404e6c05ad41043de02c3b150c11620be56fde2113","pass"
"TEX-PAPER","P0","textures/paper-grain.webp","/public/images/textures/paper-grain.webp","512x512","webp","no","8920","9801eaf42aca7b027ca0e7076b7d63e50e74fe771a0bf9525f57b8cb421576ae","pass"
"TEX-PAPER-DEEP","P1","textures/paper-deep.webp","/public/images/textures/paper-deep.webp","512x512","webp","no","10742","24dbe93ce3ae4cf4ac335d08cceba5d3f0ee038af1ea4829b41d163250f9dd87","pass"
"DIV-RULE","P2","ornaments/divider-rule.png","/public/images/ornaments/divider-rule.png","800x40","png","yes","7118","11f2caa99c8789fe605e14782b6b9477cfd51a21065376c084c4935ae8ecaeda","pass"
"DIV-FLOURISH","P2","ornaments/flourish.png","/public/images/ornaments/flourish.png","200x80","png","yes","7878","7fe9dd5c3ab908976aef7b13c6561403977806609da9355c9150208a1829be34","pass"
"ORN-CORNER","P2","ornaments/corner.png","/public/images/ornaments/corner.png","128x128","png","yes","4321","763a646af4e94a9e2b5edc91428935ec70422f06f102c9131b61bdcf1fdc2423","pass"
"PRINT-HEADER","P2","print/header-ornament.png","/public/images/print/header-ornament.png","1200x160","png","yes","26794","5c3b6ccc5a054417f3693e4b43b3fa5d2a61294f2739c3d898c737179eed0a08","pass"
"CTA-NEWSLETTER","P2","cta/newsletter.webp","/public/images/cta/newsletter.webp","1000x600","webp","no","141998","a20b3b6b4b72ccb1e8b46bf1e22ecf23d959c7bd719c0356de19d36fe7aa197e","pass"
"AD-SPACER","P2","ads/neutral-spacer.webp","/public/images/ads/neutral-spacer.webp","728x40","webp","yes","5780","c6359b4105237ea08a58fb476460f3cf2b44258c28853ca5be97aee2475a1ad9","pass"
"HEADER-MARK-INLINE","P0","brand/header-mark-32.png","/public/images/brand/header-mark-32.png","64x64","png","yes","3112","52e0033a26f8b2c2ca0a12f1b245652fd5dd3f959a84f9a1ac185c890656341b","pass"
